rank,business_name,review_count,categories,rating,address,price_range,url
1,Breakroom,1129,"Burgers,Mexican",4.5,"83 Baxter St New York, NY 10013",1,https://www.yelp.com/biz/breakroom-new-york?osq=Restaurants
2,Los Tacos No.1,1575,Mexican,4.5,"75 9th Ave New York, NY 10011",1,https://www.yelp.com/biz/los-tacos-no-1-new-york?osq=Restaurants
3,Trapizzino,37,"Italian,Sandwiches,Pizza",4.5,"144 Orchard St New York, NY 10002",1,https://www.yelp.com/biz/trapizzino-new-york?osq=Restaurants
4,The Blue Light Speak Cheesy,47,"Sandwiches,Breakfast & Brunch,Pop-Up Restaurants",5,"114 Greenpoint Ave Brooklyn, NY 11222",1,https://www.yelp.com/biz/the-blue-light-speak-cheesy-brooklyn-2?osq=Restaurants
5,Los Mariscos,113,"Seafood,Tacos",5,"409 W 15th St New York, NY 10011",1,https://www.yelp.com/biz/los-mariscos-new-york?osq=Restaurants
6,Saigon Shack,1692,Vietnamese,4,"114 Macdougal St New York, NY 10012",1,https://www.yelp.com/biz/saigon-shack-new-york?osq=Restaurants
7,The Wei,98,Chinese,4.5,"30 Dekalb Ave Brooklyn, NY 11201",1,https://www.yelp.com/biz/the-wei-brooklyn?osq=Restaurants
8,Rue La Rue Cafe,45,"Themed Cafes,Modern European",4.5,"4396 Broadway New York, NY 10040",1,https://www.yelp.com/biz/rue-la-rue-cafe-new-york?osq=Restaurants
9,Naya Express,49,Lebanese,4.5,"One New York Plz New York, NY 10004",1,https://www.yelp.com/biz/naya-express-new-york-21?osq=Restaurants
10,Woorijip Authentic Korean Food,2147,Korean,4,"12 W 32nd St New York, NY 10001",1,https://www.yelp.com/biz/woorijip-authentic-korean-food-new-york?osq=Restaurants
11,Tiger Box,18,Korean,4.5,"169 Park Ave Brooklyn, NY 11205",1,https://www.yelp.com/biz/tiger-box-brooklyn?osq=Restaurants
12,JoJu,1159,"Vietnamese,Asian Fusion",4.5,"83-25 Broadway Elmhurst, NY 11373",1,https://www.yelp.com/biz/joju-elmhurst?osq=Restaurants
13,goa taco,23,"Tacos,Fast Food,Sandwiches",4.0,"101 Macdougal St New York, NY 10012",1,https://www.yelp.com/biz/goa-taco-new-york-4?osq=Restaurants
14,Tasty Hand-Pulled Noodles,1133,"Chinese,Noodles",4.0,"1 Doyers St New York, NY 10013",1,https://www.yelp.com/biz/tasty-hand-pulled-noodles-new-york?osq=Restaurants
15,Noodle Village,601,"Cantonese,Noodles",4.0,"13 Mott St New York, NY 10013",1,https://www.yelp.com/biz/noodle-village-new-york?osq=Restaurants
16,Xi’an Famous Foods,706,"Chinese,Burgers,Noodles",4.0,"45 Bayard St New York, NY 10013",1,https://www.yelp.com/biz/xian-famous-foods-new-york-21?osq=Restaurants
17,Bedouin Tent Restaurant,475,Middle Eastern,4.0,"405 Atlantic Ave Brooklyn, NY 11217",1,https://www.yelp.com/biz/bedouin-tent-restaurant-brooklyn?osq=Restaurants
18,Der Pioneer,26,"Coffee & Tea,Breakfast & Brunch,Bakeries",4.5,"737 Church Ave Brooklyn, NY 11218",1,https://www.yelp.com/biz/der-pioneer-brooklyn-3?osq=Restaurants
19,Lao Di Fang,76,Chinese,4.0,"28 Forsyth St New York, NY 10002",1,https://www.yelp.com/biz/lao-di-fang-new-york?osq=Restaurants
20,Lam Zhou Handmade Noodle,1086,"Chinese,Noodles",4.0,"144 E Broadway New York, NY 10002",1,https://www.yelp.com/biz/lam-zhou-handmade-noodle-new-york-2?osq=Restaurants
21,MIGHTY Bowl,127,"Asian Fusion,Japanese,Salad",4.0,"120 Macdougal St New York, NY 10012",1,https://www.yelp.com/biz/mighty-bowl-new-york-2?osq=Restaurants
22,L.E.S kitchen,258,"Burgers,Sandwiches",4.0,"15 Essex St New York, NY 10002",1,https://www.yelp.com/biz/l-e-s-kitchen-new-york?osq=Restaurants
23,Western Yunnan Crossing Bridge Noodle,7,"Chinese,Noodles,Soup",4.5,"705 59th St Brooklyn, NY 11220",1,https://www.yelp.com/biz/western-yunnan-crossing-bridge-noodle-brooklyn?osq=Restaurants
24,Yun Nan Flavor Garden,164,Chinese,4.0,"5121 8th Ave Brooklyn, NY 11220",1,https://www.yelp.com/biz/yun-nan-flavor-garden-brooklyn?osq=Restaurants
25,Dawa’s,101,"Himalayan/Nepalese,American (New)",4.5,"51-18 Skillman Ave Woodside, NY 11377",1,https://www.yelp.com/biz/dawas-woodside?osq=Restaurants
26,Wafa’s,43,"Lebanese,Mediterranean",5.0,"812 Grand St Brooklyn, NY 11211",1,https://www.yelp.com/biz/wafas-brooklyn-6?osq=Restaurants
27,Lhasa Fast Food,69,Himalayan/Nepalese,4.5,"37-50 74th St Jackson Heights, NY 11372",1,https://www.yelp.com/biz/lhasa-fast-food-jackson-heights?osq=Restaurants
28,Szechuan Garden,12,Szechuan,4.5,"84 Ave O Brooklyn, NY 11204",1,https://www.yelp.com/biz/szechuan-garden-brooklyn-63?osq=Restaurants
29,Pommes Frites,286,"Belgian,Specialty Food,Fast Food",4.5,"128 Macdougal St New York, NY 10012",1,https://www.yelp.com/biz/pommes-frites-new-york-2?osq=Restaurants
30,Xi’an Famous Foods,1050,"Chinese,Burgers,Noodles",4.0,"24 W 45th St New York, NY 10036",1,https://www.yelp.com/biz/xian-famous-foods-new-york-6?osq=Restaurants
31,Areperia Arepa Lady,301,Colombian,4.5,"77-02A Roosevelt Ave Jackson Heights, NY 11373",1,https://www.yelp.com/biz/areperia-arepa-lady-jackson-heights?osq=Restaurants
32,Il Mattone,21,Italian,5.0,"49 Beach St New York, NY 10013",1,https://www.yelp.com/biz/il-mattone-new-york-3?osq=Restaurants
33,Cheers Cut,17,"Fast Food,Taiwanese,Chicken Shop",3.5,"8655 Broadway Elmhurst, NY 11373",1,https://www.yelp.com/biz/cheers-cut-elmhurst-3?osq=Restaurants
34,Taste Good Malaysian Cuisine,513,Malaysian,4.0,"82-18 45th Ave Elmhurst, NY 11373",1,https://www.yelp.com/biz/taste-good-malaysian-cuisine-elmhurst?osq=Restaurants
35,Tacos Matamoros,465,Mexican,4.0,"4503 5th Ave Brooklyn, NY 11220",1,https://www.yelp.com/biz/tacos-matamoros-brooklyn?osq=Restaurants
36,Tibetan Dumpling Cafe,108,"Himalayan/Nepalese,Indian,Cafes",4.5,"4908 Queens Blvd Woodside, NY 11377",1,https://www.yelp.com/biz/tibetan-dumpling-cafe-woodside-3?osq=Restaurants
37,Peking BBQ,186,"Chinese,Peruvian,Barbeque",4.0,"58-11 Woodside Ave Woodside, NY 11377",1,https://www.yelp.com/biz/peking-bbq-woodside?osq=Restaurants
38,Pokébāb,7,"Japanese,Poke,Korean",4.5,"209 Bedford Ave Brooklyn, NY 11211",1,https://www.yelp.com/biz/pok%C3%A9b%C4%81b-brooklyn-2?osq=Restaurants
39,Ashbox,108,"Japanese,Desserts,Cafes",4.5,"1154 Manhattan Ave Brooklyn, NY 11222",1,https://www.yelp.com/biz/ashbox-brooklyn?osq=Restaurants
40,Banh Mi Place,114,"Vietnamese,Bubble Tea,Sandwiches",4.5,"824B Washington Ave Brooklyn, NY 11238",1,https://www.yelp.com/biz/banh-mi-place-brooklyn?osq=Restaurants
41,Delimanjoo,34,"Desserts,Food Court",4.5,"11 W 32nd St New York, NY 10001",1,https://www.yelp.com/biz/delimanjoo-new-york-6?osq=Restaurants
42,Kai Feng Fu,170,Chinese,4.0,"4801 8th Ave Brooklyn, NY 11220",1,https://www.yelp.com/biz/kai-feng-fu-brooklyn?osq=Restaurants
43,Beharry Cafe and Bar,9,Caribbean,4.5,"1715 Foster Ave Brooklyn, NY 11230",1,https://www.yelp.com/biz/beharry-cafe-and-bar-brooklyn?osq=Restaurants
44,Wah Fung No 1,707,"Chinese,Barbeque,Fast Food",4.5,"79 Chrystie St New York, NY 10002",1,https://www.yelp.com/biz/wah-fung-no-1-new-york?osq=Restaurants
45,Eim Khao Mun Kai Elmhurst,185,"Thai,Hainan",4.5,"81-32 Broadway Elmhurst, NY 11373",1,https://www.yelp.com/biz/eim-khao-mun-kai-elmhurst-elmhurst?osq=Restaurants
46,Domo Taco,35,"Asian Fusion,New Mexican Cuisine,Pan Asian",4.0,"66 Willoughby St Brooklyn, NY 11201",1,https://www.yelp.com/biz/domo-taco-brooklyn-4?osq=Restaurants
47,Taco Mahal,133,"Indian,Tacos",4.5,"73 7th Ave S New York, NY 10014",1,https://www.yelp.com/biz/taco-mahal-new-york?osq=Restaurants
48,Ruzana,30,"Kebab,Halal,Middle Eastern",4.5,"486 85th St Brooklyn, NY 11209",1,https://www.yelp.com/biz/ruzana-brooklyn?osq=Restaurants
49,Los Papi’s,54,Latin American,4.0,"77 Bridge St Brooklyn, NY 11201",1,https://www.yelp.com/biz/los-papis-brooklyn?osq=Restaurants
50,Tutt Cafe,169,Middle Eastern,4.0,"47 Hicks St Brooklyn, NY 11201",1,https://www.yelp.com/biz/tutt-cafe-brooklyn?osq=Restaurants
51,Blue Maiz,55,Mexican,4.5,"606 8th Ave New York, NY 10018",1,https://www.yelp.com/biz/blue-maiz-new-york?osq=Restaurants
52,Kafe Louverture,42,"Coffee & Tea,Haitian",5.0,"392 Halsey St Brooklyn, NY 11216",1,https://www.yelp.com/biz/kafe-louverture-brooklyn?osq=Restaurants
53,Paris Baguette,24,"Bakeries,Cafes,Desserts",4.0,"96-33 Queens Blvd Rego Park, NY 11374",1,https://www.yelp.com/biz/paris-baguette-rego-park?osq=Restaurants
54,McDowell’s,22,Fast Food,5.0,"85-07 Queens Blvd New York, NY 11373",1,https://www.yelp.com/biz/mcdowells-new-york-2?osq=Restaurants
55,Onderdonk & Sons,41,"Cocktail Bars,Wine Bars,Burgers",4.5,"566 Onderdonk Ave Ridgewood, NY 11385",1,https://www.yelp.com/biz/onderdonk-and-sons-ridgewood?osq=Restaurants
56,Nosh Borough,220,"American (Traditional),Comfort Food",4.5,"25-17 Astoria Blvd Astoria, NY 11102",1,https://www.yelp.com/biz/nosh-borough-astoria?osq=Restaurants
57,Go! Go! Curry!,224,Japanese,4.0,"12 John St New York, NY 10038",1,https://www.yelp.com/biz/go-go-curry-new-york-10?osq=Restaurants
58,Elias’ Cinco de Mayo,13,Mexican,4.0,"144 W 37th St New York, NY 10018",1,https://www.yelp.com/biz/elias-cinco-de-mayo-new-york-2?osq=Restaurants
59,De Hot Pot,95,Caribbean,4.0,"1127 Washington Ave Brooklyn, NY 11225",1,https://www.yelp.com/biz/de-hot-pot-brooklyn?osq=Restaurants
60,Bao Bao Cafe,241,"Cafes,Asian Fusion,Ramen",4.0,"61 Lexington Ave New York, NY 10010",1,https://www.yelp.com/biz/bao-bao-cafe-new-york?osq=Restaurants
61,To Two Boonsik,49,Korean,4.0,"97 Canal St New York, NY 10002",1,https://www.yelp.com/biz/to-two-boonsik-new-york?osq=Restaurants
62,Taiwan Bear House,190,"Taiwanese,Bubble Tea,Chinese",4.0,"11 Pell St New York, NY 10013",1,https://www.yelp.com/biz/taiwan-bear-house-new-york?osq=Restaurants
63,The Noodle Lab,16,Noodles,3.5,"1977 86th St Brooklyn, NY 11214",1,https://www.yelp.com/biz/the-noodle-lab-brooklyn?osq=Restaurants
64,Dragon Noodle and Grill,54,"Chinese,Noodles",4.0,"150 Centre St New York, NY 10013",1,https://www.yelp.com/biz/dragon-noodle-and-grill-new-york-2?osq=Restaurants
65,El Castillo De Jagua,28,"Spanish,Dominican",4.5,"679 Flatbush Ave Brooklyn, NY 11225",1,https://www.yelp.com/biz/el-castillo-de-jagua-brooklyn-3?osq=Restaurants
66,Asian Spicy Curry Pop-up,93,"Asian Fusion,Malaysian,Chinese",4.5,"46 Mulberry St New York, NY 10013",1,https://www.yelp.com/biz/asian-spicy-curry-pop-up-new-york?osq=Restaurants
67,L & B Spumoni Gardens,2560,"Pizza,Italian",4.0,"2725 86th St Brooklyn, NY 11223",1,https://www.yelp.com/biz/l-and-b-spumoni-gardens-brooklyn?osq=Restaurants
68,Calabria Pizza,5,Pizza,4.5,"266 Kingston Ave Brooklyn, NY 11213",1,https://www.yelp.com/biz/calabria-pizza-brooklyn?osq=Restaurants
69,51 Mott Street Restaurant,16,"Korean,Chicken Shop",4.5,"51 Mott St New York, NY 10013",1,https://www.yelp.com/biz/51-mott-street-restaurant-new-york-2?osq=Restaurants
70,White Horse Tavern - Financial District,205,"Pubs,Burgers,Venues & Event Spaces",4.0,"25 Bridge St New York, NY 10004",1,https://www.yelp.com/biz/white-horse-tavern-financial-district-new-york?osq=Restaurants
71,The Local Bar and Cafe,47,"Bars,Cafes",4.5,"13-02 44th Ave Long Island City, NY 11101",1,https://www.yelp.com/biz/the-local-bar-and-cafe-long-island-city?osq=Restaurants
72,L’industrie Pizzeria,167,Pizza,5.0,"254 S 2nd St Brooklyn, NY 11211",1,https://www.yelp.com/biz/l-industrie-pizzeria-brooklyn?osq=Restaurants
73,Sizzle Pie,20,"Pizza,Vegan,Vegetarian",4.0,"457 Graham Ave Brooklyn, NY 11222",1,https://www.yelp.com/biz/sizzle-pie-brooklyn?osq=Restaurants
74,Non Solo Piada,42,"Italian,Breakfast & Brunch",5.0,"302 W 37th St New York, NY 10018",1,https://www.yelp.com/biz/non-solo-piada-new-york?osq=Restaurants
75,Lao Bei Fang Dumpling House,435,"Chinese,Noodles",4.0,"8305 Broadway Elmhurst, NY 11373",1,https://www.yelp.com/biz/lao-bei-fang-dumpling-house-elmhurst?osq=Restaurants
76,Taqueria Santa Fe,68,Mexican,4.5,"9407 Astoria Blvd East Elmhurst, NY 11369",1,https://www.yelp.com/biz/taqueria-santa-fe-east-elmhurst?osq=Restaurants
77,Coney Shack,250,"Food Trucks,Hot Dogs,Asian Fusion",4.5,"2909 W 8th St Brooklyn, NY 11224",1,https://www.yelp.com/biz/coney-shack-brooklyn?osq=Restaurants
78,Bubble Bar,20,"Desserts,Coffee & Tea,Waffles",4.0,"204 W 14th St New York, NY 10011",1,https://www.yelp.com/biz/bubble-bar-new-york?osq=Restaurants
79,The Halal Guys,8208,"Food Stands,Middle Eastern,Halal",4.5,"W 53rd St 6th Ave New York, NY 10019",1,https://www.yelp.com/biz/the-halal-guys-new-york-2?osq=Restaurants
80,Sun Hing Lung Co,85,Chinese,4.5,"58 Henry St New York, NY 10002",1,https://www.yelp.com/biz/sun-hing-lung-co-new-york-3?osq=Restaurants
81,969 NYC Coffee,62,"Coffee & Tea,Specialty Food,Japanese",5.0,"37-61 80th St Jackson Heights, NY 11372",1,https://www.yelp.com/biz/969-nyc-coffee-jackson-heights-2?osq=Restaurants
82,Roll Play,31,"Vietnamese,Street Vendors",5.0,"90-02 168th St Brooklyn, NY 11211",1,https://www.yelp.com/biz/roll-play-brooklyn-2?osq=Restaurants
83,Minas Grill,12,"Buffets,Brazilian",5.0,"2903 Broadway Queens, NY 11106",1,https://www.yelp.com/biz/minas-grill-queens-3?osq=Restaurants
84,Swell Dive,25,"Filipino,Breakfast & Brunch,Tacos",4.0,"1013 Bedford Ave Brooklyn, NY 11205",1,https://www.yelp.com/biz/swell-dive-brooklyn?osq=Restaurants
85,Banh Mi Saigon,1220,"Vietnamese,Sandwiches",4.0,"198 Grand St New York, NY 10013",1,https://www.yelp.com/biz/banh-mi-saigon-new-york?osq=Restaurants
86,La Isla,54,"Latin American,Puerto Rican",4.0,"1439 Myrtle Ave Brooklyn, NY 11237",1,https://www.yelp.com/biz/la-isla-brooklyn?osq=Restaurants
87,Sri Thai Cafe,133,Thai,4.0,"795 Grand St Brooklyn, NY 11211",1,https://www.yelp.com/biz/sri-thai-cafe-brooklyn?osq=Restaurants
88,Corner 28 - The Roast,6,Chinese,4.0,"5124 8th Ave Brooklyn, NY 11220",1,https://www.yelp.com/biz/corner-28-the-roast-brooklyn?osq=Restaurants
89,Uncle Zhou,188,"Chinese,Noodles",4.0,"83-29 Broadway Elmhurst, NY 11373",1,https://www.yelp.com/biz/uncle-zhou-elmhurst?osq=Restaurants
90,Lechonera La Isla,41,"Latin American,Puerto Rican",4.5,"256 E 125th St New York, NY 10035",1,https://www.yelp.com/biz/lechonera-la-isla-new-york?osq=Restaurants
91,La Cabana,117,Dominican,4.0,"39-17 103rd St Corona, NY 11368",1,https://www.yelp.com/biz/la-cabana-corona-3?osq=Restaurants
92,Lali Guras,102,Himalayan/Nepalese,4.5,"3763 76th St Jackson Heights, NY 11372",1,https://www.yelp.com/biz/lali-guras-jackson-heights?osq=Restaurants
93,Pizza Guys,10,Pizza,5.0,"93 Howard Ave Brooklyn, NY 11233",1,https://www.yelp.com/biz/pizza-guys-brooklyn?osq=Restaurants
94,Brooklyn Ice House,180,"Barbeque,Pubs",4.5,"318 Van Brunt St Brooklyn, NY 11231",1,https://www.yelp.com/biz/brooklyn-ice-house-brooklyn?osq=Restaurants
95,Tina’s Restaurant,504,"Cuban,Food Delivery Services",4.0,"23 W 56th St New York, NY 10019",1,https://www.yelp.com/biz/tinas-restaurant-new-york-227?osq=Restaurants
96,Suzy’s Roti Parlour,56,Caribbean,4.5,"907 Church Ave Brooklyn, NY 11218",1,https://www.yelp.com/biz/suzys-roti-parlour-brooklyn?osq=Restaurants
97,Hand Pull Noodle and Dumpling House,207,"Chinese,Noodles",4.0,"7201 18th Ave Brooklyn, NY 11204",1,https://www.yelp.com/biz/hand-pull-noodle-and-dumpling-house-brooklyn?osq=Restaurants
98,Orale Tacos,12,Tacos,4.0,"23-23 30th Ave Astoria, NY 11102",1,https://www.yelp.com/biz/orale-tacos-astoria?osq=Restaurants
99,Cafe Patoro,72,"Bakeries,Brazilian,Coffee & Tea",4.5,"223 Front St New York, NY 10038",1,https://www.yelp.com/biz/cafe-patoro-new-york?osq=Restaurants
100,Vanessa’s Dumpling House,1964,Chinese,4.0,"118A Eldridge St New York, NY 10002",1,https://www.yelp.com/biz/vanessas-dumpling-house-new-york-2?osq=Restaurants
1,Upstate,1340,Seafood,4.5,"95 1st Ave New York, NY 10003",2,https://www.yelp.com/biz/upstate-new-york-2?osq=Restaurants
2,The Alcove,242,"Gastropubs,Tapas Bars,Breakfast & Brunch",5.0,"41-11 49th St Sunnyside, NY 11104",2,https://www.yelp.com/biz/the-alcove-sunnyside?osq=Restaurants
3,Bep Ga,22,"Vietnamese,Chicken Shop,Gluten-Free",4.5,"70 Forsyth St New York, NY 10002",2,https://www.yelp.com/biz/bep-ga-new-york-4?osq=Restaurants
4,Amélie,1585,"French,Wine Bars",4.5,"22 W 8th St New York, NY 10011",2,https://www.yelp.com/biz/am%C3%A9lie-new-york?osq=Restaurants
5,Cafe Mogador,773,"Moroccan,Middle Eastern",4.5,"133 Wythe Ave Brooklyn, NY 11211",2,https://www.yelp.com/biz/cafe-mogador-brooklyn?osq=Restaurants
6,Luke’s Lobster FiDi,777,Seafood,4.5,"26 S William St New York, NY 10004",2,https://www.yelp.com/biz/lukes-lobster-fidi-new-york?osq=Restaurants
7,Burger & Lobster,3195,"Seafood,Burgers",4.5,"39 W 19th St New York, NY 10011",2,https://www.yelp.com/biz/burger-and-lobster-new-york?osq=Restaurants
8,The Factory Bar & Restaurant,20,"Tapas Bars,Cocktail Bars",5.0,"1612 Madison St Ridgewood, NY 11385",2,https://www.yelp.com/biz/the-factory-bar-and-restaurant-ridgewood?osq=Restaurants
9,Fishmarket Restaurant,324,"Seafood,Chinese,Asian Fusion",4.5,"111 South St New York, NY 10038",2,https://www.yelp.com/biz/fishmarket-restaurant-new-york?osq=Restaurants
10,Thursday Kitchen,361,"Korean,American (New),Tapas/Small Plates",4.5,"424 E 9th St New York, NY 10009",2,https://www.yelp.com/biz/thursday-kitchen-new-york?osq=Restaurants
11,Thai Villa,454,Thai,4.5,"5 E 19th St New York, NY 10003",2,https://www.yelp.com/biz/thai-villa-new-york-2?osq=Restaurants
12,Dutch Freds,360,"Cocktail Bars,Tapas/Small Plates,Burgers",4.5,"307 W 47th St New York, NY 10036",2,https://www.yelp.com/biz/dutch-freds-new-york-2?osq=Restaurants
13,Monroe,20,"Bars,French,Italian",4.5,"49 Monroe St New York, NY 10002",2,https://www.yelp.com/biz/monroe-new-york-2?osq=Restaurants
14,Rocket Pig,149,American (New),4.5,"463 W 24th St New York, NY 10001",2,https://www.yelp.com/biz/rocket-pig-new-york?osq=Restaurants
15,The Boil,1371,"Cajun/Creole,Seafood,Wine Bars",4.5,"139 Chrystie St New York, NY 10002",2,https://www.yelp.com/biz/the-boil-new-york-3?osq=Restaurants
16,Denizen,30,"Wine Bars,Tapas/Small Plates,Specialty Food",5.0,"88 Roebling St Brooklyn, NY 11211",2,https://www.yelp.com/biz/denizen-brooklyn?osq=Restaurants
17,Purbird,360,"American (New),Chicken Shop",4.5,"82 Sixth Ave Brooklyn, NY 11217",2,https://www.yelp.com/biz/purbird-brooklyn?osq=Restaurants
18,Trestle,58,"Bars,American (New)",4.5,"34-02 Broadway Astoria, NY 11106",2,https://www.yelp.com/biz/trestle-astoria?osq=Restaurants
19,Chikarashi,312,"Japanese,Hawaiian,Poke",4.0,"227 Canal St New York, NY 10013",2,https://www.yelp.com/biz/chikarashi-new-york?osq=Restaurants
20,Da Claudio,229,"Italian,Cocktail Bars",4.5,"21 Ann St New York, NY 10038",2,https://www.yelp.com/biz/da-claudio-new-york?osq=Restaurants
21,Trademark Taste & Grind,179,"Bars,American (New),Venues & Event Spaces",4.5,"38 W 36th St New York, NY 10018",2,https://www.yelp.com/biz/trademark-taste-and-grind-new-york?osq=Restaurants
22,5ive Spice,294,"Vietnamese,Coffee & Tea,Salad",4.0,"52 5th Ave Brooklyn, NY 11217",2,https://www.yelp.com/biz/5ive-spice-brooklyn-3?osq=Restaurants
23,Excellent Dumpling House,95,"Dim Sum,Seafood,Soup",4.0,"165 W 23rd St New York, NY 10011",2,https://www.yelp.com/biz/excellent-dumpling-house-new-york-3?osq=Restaurants
24,Love Mamak,2378,"Thai,Malaysian,Vietnamese",4.0,"174 2nd Ave New York, NY 10003",2,https://www.yelp.com/biz/love-mamak-new-york-2?osq=Restaurants
25,Excuse My French,143,"Bars,Tapas Bars,French",4.5,"96 Orchard St New York, NY 10002",2,https://www.yelp.com/biz/excuse-my-french-new-york?osq=Restaurants
26,Midnights,102,"Bars,American (New)",4.5,"149 N 6th St Brooklyn, NY 11249",2,https://www.yelp.com/biz/midnights-brooklyn-2?osq=Restaurants
27,Jane,2589,"American (Traditional),Modern European",4.0,"100 W Houston St New York, NY 10012",2,https://www.yelp.com/biz/jane-new-york-2?osq=Restaurants
28,Broccolino,10,Italian,4.5,"213 Smith St Brooklyn, NY 11201",2,https://www.yelp.com/biz/broccolino-brooklyn-2?osq=Restaurants
29,Cafe Habana,2845,"Cuban,Mexican",4.0,"17 Prince St New York, NY 10012",2,https://www.yelp.com/biz/cafe-habana-new-york-4?osq=Restaurants
30,Juliana’s Pizza,1258,Pizza,4.5,"19 Old Fulton St Brooklyn, NY 11201",2,https://www.yelp.com/biz/julianas-pizza-brooklyn-5?osq=Restaurants
31,Raku,405,"Japanese,Noodles",4.5,"342 E 6th St New York, NY 10003",2,https://www.yelp.com/biz/raku-new-york-4?osq=Restaurants
32,Jora Restaurant & Bar,276,Peruvian,4.5,"47-46 11th St Long Island City, NY 11101",2,https://www.yelp.com/biz/jora-restaurant-and-bar-long-island-city?osq=Restaurants
33,Ikinari Steak East Village,156,"Steakhouses,Japanese",4.0,"90 E 10th St New York, NY 10003",2,https://www.yelp.com/biz/ikinari-steak-east-village-new-york?osq=Restaurants
34,Bea,1232,"American (New),Cocktail Bars",4.0,"403 W 43rd St New York, NY 10036",2,https://www.yelp.com/biz/bea-new-york?osq=Restaurants
35,The Dead Rabbit,979,"Bars,Irish",4.0,"30 Water St New York, NY 10004",2,https://www.yelp.com/biz/the-dead-rabbit-new-york?osq=Restaurants
36,Shanghai Asian Manor,1028,Shanghainese,4.0,"21 Mott St New York, NY 10013",2,https://www.yelp.com/biz/shanghai-asian-manor-new-york?osq=Restaurants
37,Gersi,97,"Italian,Wine Bars",4.5,"316 Court St Brooklyn, NY 11231",2,https://www.yelp.com/biz/gersi-brooklyn?osq=Restaurants
38,Poketeria,71,"Poke,Hawaiian,Seafood",4.5,"3 E 36th St New York, NY 10016",2,https://www.yelp.com/biz/poketeria-new-york?osq=Restaurants
39,Rabbit House,62,"Japanese,Tapas Bars",4.5,"76 Forsyth St New York, NY 10002",2,https://www.yelp.com/biz/rabbit-house-new-york?osq=Restaurants
40,Suspenders,62,"Gastropubs,Comfort Food",4.5,"108 Greenwich St New York, NY 10006",2,https://www.yelp.com/biz/suspenders-new-york?osq=Restaurants
41,Ichabod’s,462,"American (New),Breakfast & Brunch",4.0,"15 Irving Pl New York, NY 10003",2,https://www.yelp.com/biz/ichabods-new-york?osq=Restaurants
42,Barn Joo 35,421,"Korean,Gastropubs,Tapas/Small Plates",4.5,"34 W 35th St New York, NY 10001",2,https://www.yelp.com/biz/barn-joo-35-new-york?osq=Restaurants
43,Gotham Market at The Ashland,26,Food Court,3.5,"590 Fulton St Brooklyn, NY 11217",2,https://www.yelp.com/biz/gotham-market-at-the-ashland-brooklyn-2?osq=Restaurants
44,Ramen Shack,52,"Ramen,Burgers",4.5,"13-13 40th Ave Long Island City, NY 11101",2,https://www.yelp.com/biz/ramen-shack-long-island-city-3?osq=Restaurants
45,Midwinter Kitchen,189,"Comfort Food,Breakfast & Brunch",4.5,"327 2nd Ave New York, NY 10003",2,https://www.yelp.com/biz/midwinter-kitchen-new-york?osq=Restaurants
46,Up Thai,1203,Thai,4.5,"1411 2nd Ave New York, NY 10021",2,https://www.yelp.com/biz/up-thai-new-york?osq=Restaurants
47,Noodle Pudding,440,Italian,4.0,"38 Henry St Brooklyn, NY 11201",2,https://www.yelp.com/biz/noodle-pudding-brooklyn?osq=Restaurants
48,Juanchi’s Burger,41,Burgers,4.5,"225 S 1st St Brooklyn, NY 11211",2,https://www.yelp.com/biz/juanchis-burger-brooklyn?osq=Restaurants
49,Union Bar & Kitchen,165,"American (New),Bars,American (Traditional)",4.5,"300 Spring St New York, NY 10013",2,https://www.yelp.com/biz/union-bar-and-kitchen-new-york?osq=Restaurants
50,Heidi’s House By The Side Of The Road,474,"Wine Bars,Comfort Food,Gluten-Free",4.5,"308 E 78th St New York, NY 10075",2,https://www.yelp.com/biz/heidis-house-by-the-side-of-the-road-new-york-2?osq=Restaurants
51,La Contenta,406,"Mexican,Bars,Breakfast & Brunch",4.5,"102 Norfolk St New York, NY 10002",2,https://www.yelp.com/biz/la-contenta-new-york?osq=Restaurants
52,LIC Market,607,"Breakfast & Brunch,American (New)",4.0,"21-52 44th Dr Long Island City, NY 11101",2,https://www.yelp.com/biz/lic-market-long-island-city?osq=Restaurants
53,Poke Bowl,37,"Poke,Sushi Bars",4.0,"104 Fulton St New York, NY 10038",2,https://www.yelp.com/biz/poke-bowl-new-york-2?osq=Restaurants
54,Brooklyn Beet Company,297,Modern European,4.5,"7205 3rd Ave Brooklyn, NY 11209",2,https://www.yelp.com/biz/brooklyn-beet-company-brooklyn?osq=Restaurants
55,Red Hook Lobster Pound,737,Seafood,4.0,"284 Van Brunt St Brooklyn, NY 11231",2,https://www.yelp.com/biz/red-hook-lobster-pound-brooklyn?osq=Restaurants
56,June,106,"Wine Bars,Breakfast & Brunch",4.5,"231 Court St Brooklyn, NY 11201",2,https://www.yelp.com/biz/june-brooklyn-3?osq=Restaurants
57,Ningbo Cafe,57,"Shanghainese,Szechuan,Asian Fusion",4.5,"21 S End Ave New York, NY 10280",2,https://www.yelp.com/biz/ningbo-cafe-new-york-2?osq=Restaurants
58,KazuNori | The Original Hand Roll Bar,91,"Sushi Bars,Japanese",4.5,"15 W 28th St New York, NY 10001",2,https://www.yelp.com/biz/kazunori-the-original-hand-roll-bar-new-york-2?osq=Restaurants
59,Aunt Jake’s,273,"Italian,Wine Bars,Pasta Shops",4.0,"151 Mulberry St New York, NY 10013",2,https://www.yelp.com/biz/aunt-jakes-new-york?osq=Restaurants
60,Rucola,355,"Italian,Desserts,Diners",4.0,"190 Dean St Brooklyn, NY 11217",2,https://www.yelp.com/biz/rucola-brooklyn?osq=Restaurants
61,Tanner Smiths,597,"Cocktail Bars,American (New),Breakfast & Brunch",4.5,"204 W 55th St New York, NY 10019",2,https://www.yelp.com/biz/tanner-smiths-new-york-2?osq=Restaurants
62,Rabbithole Restaurant,591,"American (New),Breakfast & Brunch",4.0,"352 Bedford Ave Brooklyn, NY 11211",2,https://www.yelp.com/biz/rabbithole-restaurant-brooklyn?osq=Restaurants
63,Mokbar Brooklyn,20,Korean,4.0,"212 Flatbush Ave Brooklyn, NY 11217",2,https://www.yelp.com/biz/mokbar-brooklyn-brooklyn?osq=Restaurants
64,Wolf and Deer,212,"American (New),Cocktail Bars",4.0,"74 5th Ave Brooklyn, NY 11217",2,https://www.yelp.com/biz/wolf-and-deer-brooklyn?osq=Restaurants
65,Bornholm,81,"Breakfast & Brunch,Burgers,Scandinavian",4.5,"138 Smith St Brooklyn, NY 11201",2,https://www.yelp.com/biz/bornholm-brooklyn-2?osq=Restaurants
66,La Lanterna di Vittorio,1113,Italian,4.0,"129 MacDougal St New York, NY 10012",2,https://www.yelp.com/biz/la-lanterna-di-vittorio-new-york?osq=Restaurants
67,Root & Bone,988,"Southern,Comfort Food,Desserts",4.0,"200 E 3rd St New York, NY 10009",2,https://www.yelp.com/biz/root-and-bone-new-york?osq=Restaurants
68,The Meatball Shop,44,"Italian,American (Traditional)",4.0,"798 9th Ave New York, NY 10019",2,https://www.yelp.com/biz/the-meatball-shop-new-york-11?osq=Restaurants
69,Grindhaus,59,"American (New),Desserts",4.5,"275 Van Brunt St New York, NY 11231",2,https://www.yelp.com/biz/grindhaus-new-york-2?osq=Restaurants
70,2nd City,316,"Filipino,Asian Fusion,Mexican",4.5,"525 Hudson St New York, NY 10014",2,https://www.yelp.com/biz/2nd-city-new-york?osq=Restaurants
71,Casa Enrique,680,Mexican,4.0,"5-48 49th Ave Long Island City, NY 11101",2,https://www.yelp.com/biz/casa-enrique-long-island-city?osq=Restaurants
72,Atrium Dumbo,387,American (Traditional),4.0,"15 Main St Brooklyn, NY 11201",2,https://www.yelp.com/biz/atrium-dumbo-brooklyn?osq=Restaurants
73,Smoking Monkey,11,"Bars,Seafood",4.5,"214 Greene Ave Brooklyn, NY 11238",2,https://www.yelp.com/biz/smoking-monkey-brooklyn-2?osq=Restaurants
74,Sweet Chick,870,American (Traditional),4.0,"178 Ludlow St New York, NY 10002",2,https://www.yelp.com/biz/sweet-chick-new-york?osq=Restaurants
75,Ampersand,91,"Cocktail Bars,American (New)",4.5,"294 3rd Ave New York, NY 10010",2,https://www.yelp.com/biz/ampersand-new-york-2?osq=Restaurants
76,Distilled,589,"American (New),Cocktail Bars,Breakfast & Brunch",4.0,"211 W Broadway New York, NY 10013",2,https://www.yelp.com/biz/distilled-new-york?osq=Restaurants
77,Julia’s,105,"Wine Bars,American (New)",4.5,"818 Woodward Ave Ridgewood, NY 11385",2,https://www.yelp.com/biz/julias-ridgewood?osq=Restaurants
78,Whitmans Hudson Yards,21,"Burgers,Desserts,American (New)",4.0,"331 10th Ave New York, NY 10001",2,https://www.yelp.com/biz/whitmans-new-york-44?osq=Restaurants
79,Cask Bar & Kitchen,1084,"American (New),Cocktail Bars,Breakfast & Brunch",4.0,"167 E 33rd St New York, NY 10016",2,https://www.yelp.com/biz/cask-bar-and-kitchen-new-york?osq=Restaurants
80,Red Poke,153,"Poke,Korean,Hawaiian",4.5,"600 9th Ave New York, NY 10036",2,https://www.yelp.com/biz/red-poke-new-york-2?osq=Restaurants
81,Buttermilk Channel,1513,"American (New),Breakfast & Brunch",4.0,"524 Court St Brooklyn, NY 11231",2,https://www.yelp.com/biz/buttermilk-channel-brooklyn?osq=Restaurants
82,Laojie Hotpot,58,Hot Pot,4.5,"811 53rd St Brooklyn, NY 11220",2,https://www.yelp.com/biz/laojie-hotpot-brooklyn-4?osq=Restaurants
83,The Spotted Dog,13,"British,Irish,American (Traditional)",5.0,"1154 1st Ave New York, NY 10065",2,https://www.yelp.com/biz/the-spotted-dog-new-york?osq=Restaurants
84,Hart’s Restaurant,15,American (New),4.5,"506 Franklin Ave New York, NY 11238",2,https://www.yelp.com/biz/harts-restaurant-new-york?osq=Restaurants
85,Trading Post,228,"Bars,Seafood,American (New)",4.0,"170 John St New York, NY 10038",2,https://www.yelp.com/biz/trading-post-new-york?osq=Restaurants
86,Soco,1462,"Cajun/Creole,Barbeque,Soul Food",4.0,"509 Myrtle Ave Brooklyn, NY 11205",2,https://www.yelp.com/biz/soco-brooklyn?osq=Restaurants
87,Le Fond,97,French,4.5,"105 Norman Ave Brooklyn, NY 11222",2,https://www.yelp.com/biz/le-fond-brooklyn?osq=Restaurants
88,Topokee,21,"Poke,Korean,Acai Bowls",4.0,"68 W 39th St New York, NY 10018",2,https://www.yelp.com/biz/topokee-new-york-2?osq=Restaurants
89,Westville Chelsea,873,"American (New),Breakfast & Brunch",4.0,"246 W 18th St New York, NY 10011",2,https://www.yelp.com/biz/westville-chelsea-new-york-2?osq=Restaurants
90,Rubirosa,1168,"Italian,Pizza",4.0,"235 Mulberry St New York, NY 10012",2,https://www.yelp.com/biz/rubirosa-new-york-2?osq=Restaurants
91,Joe’s Shanghai,4313,Shanghainese,4.0,"9 Pell St New York, NY 10013",2,https://www.yelp.com/biz/joes-shanghai-new-york-2?osq=Restaurants
92,Ltauha Restaurant,241,"American (New),Tapas Bars,Diners",4.5,"55-50 Myrtle Ave Ridgewood, NY 11385",2,https://www.yelp.com/biz/ltauha-restaurant-ridgewood-3?osq=Restaurants
93,Sheng Ramen,40,"Ramen,Noodles",4.5,"3636 Prince St Flushing, NY 11354",2,https://www.yelp.com/biz/sheng-ramen-flushing?osq=Restaurants
94,Ippudo East Village,8553,Ramen,4.0,"65 4th Ave New York, NY 10003",2,https://www.yelp.com/biz/ippudo-east-village-new-york?osq=Restaurants
95,Hudson Eats At Brookfield Place,263,Food Court,4.5,"225 Liberty St New York, NY 10281",2,https://www.yelp.com/biz/hudson-eats-at-brookfield-place-new-york?osq=Restaurants
96,Luke’s Lobster Brooklyn Bridge Park-DUMBO,164,Seafood,4.0,"11 Water St Brooklyn, NY 11201",2,https://www.yelp.com/biz/lukes-lobster-brooklyn-bridge-park-dumbo-brooklyn?osq=Restaurants
97,Friedman’s,1249,"American (New),Gluten-Free,Breakfast & Brunch",4.0,"132 W 31st St New York, NY 10001",2,https://www.yelp.com/biz/friedmans-new-york-59?osq=Restaurants
98,Rice & Miso,13,Japanese,4.5,"134 Nevins St Brooklyn, NY 11217",2,https://www.yelp.com/biz/rice-and-miso-brooklyn?osq=Restaurants
99,Crescent Grill,209,American (New),4.5,"38-40 Crescent St Long Island City, NY 11101",2,https://www.yelp.com/biz/crescent-grill-long-island-city?osq=Restaurants
100,Jack’s Wife Freda,1163,"Breakfast & Brunch,Mediterranean,American (New)",4.0,"224 Lafayette St New York, NY 10012",2,https://www.yelp.com/biz/jacks-wife-freda-new-york?osq=Restaurants
1,Traif,1656,"American (New),Tapas/Small Plates",4.5,"229 S 4th St Brooklyn, NY 11211",3,https://www.yelp.com/biz/traif-brooklyn?osq=Restaurants
2,Gaijin,96,"Japanese,Seafood,Sushi Bars",4.5,"37-12 31st Ave Astoria, NY 11103",3,https://www.yelp.com/biz/gaijin-astoria-3?osq=Restaurants
3,Otway,14,American (New),4.5,"930 Fulton St Brooklyn, NY 11238",3,https://www.yelp.com/biz/otway-brooklyn?osq=Restaurants
4,Buddakan,3077,"Chinese,Asian Fusion",4.0,"75 9th Ave New York, NY 10011",3,https://www.yelp.com/biz/buddakan-new-york?osq=Restaurants
5,Prospect,181,"American (New),Cocktail Bars,Wine Bars",4.0,"773 Fulton St Brooklyn, NY 11217",3,https://www.yelp.com/biz/prospect-brooklyn?osq=Restaurants
6,ABC Kitchen,2391,"American (New),French",4.0,"35 E 18th St New York, NY 10003",3,https://www.yelp.com/biz/abc-kitchen-new-york?osq=Restaurants
7,Olmsted,107,American (New),4.0,"659 Vanderbilt Ave Brooklyn, NY 11238",3,https://www.yelp.com/biz/olmsted-brooklyn?osq=Restaurants
8,Cooks & Captains,24,American (Traditional),4.5,"254 5th Ave Brooklyn, NY 11215",3,https://www.yelp.com/biz/cooks-and-captains-brooklyn?osq=Restaurants
9,L’Artusi,1261,Italian,4.5,"228 W 10th St New York, NY 10014",3,https://www.yelp.com/biz/l-artusi-new-york?osq=Restaurants
10,North End Grill,325,American (New),4.0,"104 N End Ave New York, NY 10282",3,https://www.yelp.com/biz/north-end-grill-new-york?osq=Restaurants
11,Coarse NYC,47,American (New),4.5,"306 W 13th St New York, NY 10014",3,https://www.yelp.com/biz/coarse-nyc-new-york?osq=Restaurants
12,The Little Owl,1134,"Desserts,Wine Bars,Mediterranean",4.0,"90 Bedford St New York, NY 10014",3,https://www.yelp.com/biz/the-little-owl-new-york?osq=Restaurants
13,Chouchou,14,"Moroccan,Mediterranean",4.5,"215 E 4th St New York, NY 10009",3,https://www.yelp.com/biz/chouchou-new-york-2?osq=Restaurants
14,Marc Forgione,744,American (New),4.0,"134 Reade St New York, NY 10013",3,https://www.yelp.com/biz/marc-forgione-new-york-2?osq=Restaurants
15,La Sirene,1348,French,4.5,"558 Broome St New York, NY 10013",3,https://www.yelp.com/biz/la-sirene-new-york?osq=Restaurants
16,Scarpetta,1461,Italian,4.0,"355 W 14th St New York, NY 10014",3,https://www.yelp.com/biz/scarpetta-new-york?osq=Restaurants
17,Covina,156,"American (New),Bars,Cafes",4.5,"127 E 27th St New York, NY 10016",3,https://www.yelp.com/biz/covina-new-york-3?osq=Restaurants
18,Gloria,18,Seafood,4.5,"401 West 53rd St New York, NY 10019",3,https://www.yelp.com/biz/gloria-new-york?osq=Restaurants
19,The Tuck Room,50,"Tapas/Small Plates,American (New)",4.5,"11 Fulton St New York, NY 10038",3,https://www.yelp.com/biz/the-tuck-room-new-york?osq=Restaurants
20,Loring Place,75,American (New),4.5,"21 W 8th St New York, NY 10011",3,https://www.yelp.com/biz/loring-place-new-york-2?osq=Restaurants
21,Schilling,55,"Austrian,Bars,American (New)",4.5,"109 Washington St New York, NY 10006",3,https://www.yelp.com/biz/schilling-new-york?osq=Restaurants
22,Locanda Verde,1317,"Italian,Delis,Cocktail Bars",4.0,"377 Greenwich St New York, NY 10013",3,https://www.yelp.com/biz/locanda-verde-new-york?osq=Restaurants
23,Boqueria - Brooklyn,45,"Tapas/Small Plates,Spanish,Tapas Bars",4.0,"590 Fulton St Brooklyn, NY 11217",3,https://www.yelp.com/biz/boqueria-brooklyn-brooklyn?osq=Restaurants
24,The Milling Room,214,"American (New),Bars,Desserts",4.5,"446 Columbus Ave New York, NY 10024",3,https://www.yelp.com/biz/the-milling-room-new-york-2?osq=Restaurants
25,Bohemian Restaurant,543,"Japanese,Cocktail Bars,Burgers",4.5,"57 Great Jones St New York, NY 10012",3,https://www.yelp.com/biz/bohemian-restaurant-new-york?osq=Restaurants
26,Henry’s End Restaurant,284,"American (New),Diners,Wine Bars",4.0,"44 Henry St Brooklyn, NY 11201",3,https://www.yelp.com/biz/henrys-end-restaurant-brooklyn-3?osq=Restaurants
27,Colonie,446,"American (New),Bars,Breakfast & Brunch",4.0,"127 Atlantic Ave Brooklyn, NY 11201",3,https://www.yelp.com/biz/colonie-brooklyn?osq=Restaurants
28,Pinch Chinese,43,"Chinese,Salad",4.0,"177 Prince St New York, NY 10012",3,https://www.yelp.com/biz/pinch-chinese-new-york-2?osq=Restaurants
29,James,348,American (New),4.0,"605 Carlton Ave Brooklyn, NY 11238",3,https://www.yelp.com/biz/james-brooklyn-2?osq=Restaurants
30,Dinnertable,80,"Cocktail Bars,Japanese,Asian Fusion",4.5,"206 Ave A New York, NY 10009",3,https://www.yelp.com/biz/dinnertable-new-york?osq=Restaurants
31,The Greek,353,"Greek,Mediterranean,Cocktail Bars",4.5,"458 Greenwich St New York, NY 10013",3,https://www.yelp.com/biz/the-greek-new-york?osq=Restaurants
32,Jack the Horse Tavern,320,"American (New),Desserts,Bars",4.0,"66 Hicks St Brooklyn, NY 11201",3,https://www.yelp.com/biz/jack-the-horse-tavern-brooklyn?osq=Restaurants
33,Mykonos Blue,17,Greek,4.5,"127 W 28th St New York, NY 10001",3,https://www.yelp.com/biz/mykonos-blue-new-york?osq=Restaurants
34,Lulu & Po,147,American (New),4.5,"154 Carlton Ave Brooklyn, NY 11205",3,https://www.yelp.com/biz/lulu-and-po-brooklyn?osq=Restaurants
35,Balthazar Restaurant,2369,"French,Breakfast & Brunch",4.0,"80 Spring St New York, NY 10012",3,https://www.yelp.com/biz/balthazar-restaurant-new-york?osq=Restaurants
36,Lilia Cafe,254,"Italian,Cocktail Bars,Seafood",4.0,"567 Union Ave Brooklyn, NY 11211",3,https://www.yelp.com/biz/lilia-cafe-brooklyn?osq=Restaurants
37,Vitae,657,"American (New),Wine Bars,Cocktail Bars",4.0,"4 E 46th St New York, NY 10017",3,https://www.yelp.com/biz/vitae-new-york?osq=Restaurants
38,Method,10,Japanese,5.0,"746 10th Ave New York, NY 10019",3,https://www.yelp.com/biz/method-new-york-3?osq=Restaurants
39,Yakitori Totto,1055,Izakaya,4.0,"251 W 55th St New York, NY 10019",3,https://www.yelp.com/biz/yakitori-totto-new-york?osq=Restaurants
40,Faro,148,"Italian,Salad,Sandwiches",4.0,"436 Jefferson St Brooklyn, NY 11237",3,https://www.yelp.com/biz/faro-brooklyn?osq=Restaurants
41,Meadowsweet,216,American (Traditional),4.0,"149 Broadway Brooklyn, NY 11211",3,https://www.yelp.com/biz/meadowsweet-brooklyn?osq=Restaurants
42,Bessou,69,"Japanese,Breakfast & Brunch",4.0,"5 Bleecker St New York, NY 10012",3,https://www.yelp.com/biz/bessou-new-york?osq=Restaurants
43,Village Crab & Sea,23,"Cajun/Creole,Seafood,Hot Pot",4.0,"135-21 37th Ave Flushing, NY 11354",3,https://www.yelp.com/biz/village-crab-and-sea-flushing?osq=Restaurants
44,Upland,552,American (New),4.0,"345 Park Ave S New York, NY 10010",3,https://www.yelp.com/biz/upland-new-york?osq=Restaurants
45,Il Falco,186,"Italian,Venues & Event Spaces,Wine Bars",4.5,"21-50 44th Dr Long Island City, NY 11101",3,https://www.yelp.com/biz/il-falco-long-island-city?osq=Restaurants
46,21 Greenpoint,32,"American (New),Seafood,Pizza",4.0,"21 Greenpoint Ave Brooklyn, NY 11222",3,https://www.yelp.com/biz/21-greenpoint-brooklyn-2?osq=Restaurants
47,The Pines,191,"American (New),Desserts,Cocktail Bars",4.0,"284 3rd Ave Brooklyn, NY 11215",3,https://www.yelp.com/biz/the-pines-brooklyn?osq=Restaurants
48,Villanelle,16,American (New),4.5,"15 E 12th St New York, NY 10003",3,https://www.yelp.com/biz/villanelle-new-york?osq=Restaurants
49,Glasserie,250,Mediterranean,4.0,"95 Commercial St Brooklyn, NY 11222",3,https://www.yelp.com/biz/glasserie-brooklyn-2?osq=Restaurants
50,Beasts & Bottles,83,"American (New),French,Wine Bars",4.0,"151 Atlantic Ave Brooklyn, NY 11201",3,https://www.yelp.com/biz/beasts-and-bottles-brooklyn?osq=Restaurants
51,Boulud Sud,517,Mediterranean,4.0,"20 West 64th Street New York, NY 10023",3,https://www.yelp.com/biz/boulud-sud-new-york?osq=Restaurants
52,Grand Banks,216,"Bars,Seafood,American (New)",4.0,"Pier 25 New York, NY 10013",3,https://www.yelp.com/biz/grand-banks-new-york?osq=Restaurants
53,33 Greenwich,15,"American (New),Southern",5.0,"33 Greenwich Ave New York, NY 10014",3,https://www.yelp.com/biz/33-greenwich-new-york-4?osq=Restaurants
54,Blacktail,92,"Cuban,American (Traditional),Cocktail Bars",4.5,"22 Battery Pl New York, NY 10004",3,https://www.yelp.com/biz/blacktail-new-york?osq=Restaurants
55,BKW By Brooklyn Winery,64,"Wine Bars,American (New),Breakfast & Brunch",4.5,"747 Franklin Ave Brooklyn, NY 11238",3,https://www.yelp.com/biz/bkw-by-brooklyn-winery-brooklyn?osq=Restaurants
56,La Vara,261,Spanish,4.0,"268 Clinton St Brooklyn, NY 11201",3,https://www.yelp.com/biz/la-vara-brooklyn?osq=Restaurants
57,Battersby,268,American (New),4.0,"255 Smith St Brooklyn, NY 11231",3,https://www.yelp.com/biz/battersby-brooklyn?osq=Restaurants
58,Tfor,5,"Mediterranean,Seafood,Italian",5.0,"14 Bedford St New York, NY 10014",3,https://www.yelp.com/biz/tfor-new-york-2?osq=Restaurants
59,Maison Premiere,884,"Seafood,Wine Bars,Cocktail Bars",4.0,"298 Bedford Ave Brooklyn, NY 11211",3,https://www.yelp.com/biz/maison-premiere-brooklyn?osq=Restaurants
60,Blue Ribbon Brasserie,781,"Seafood,American (Traditional)",4.5,"97 Sullivan St New York, NY 10012",3,https://www.yelp.com/biz/blue-ribbon-brasserie-new-york?osq=Restaurants
61,Maiella,372,"Italian,Seafood,Breakfast & Brunch",4.5,"4610 Center Blvd Long Island City, NY 11109",3,https://www.yelp.com/biz/maiella-long-island-city?osq=Restaurants
62,Print,675,American (New),4.0,"653 11th Ave New York, NY 10036",3,https://www.yelp.com/biz/print-new-york?osq=Restaurants
63,ROKI Le Izakaya,31,"Sushi Bars,Ramen",4.0,"12 W 21st St New York, NY 10010",3,https://www.yelp.com/biz/roki-le-izakaya-new-york?osq=Restaurants
64,ilili,1856,"Mediterranean,Lebanese",4.0,"236 5th Ave New York, NY 10001",3,https://www.yelp.com/biz/ilili-new-york-2?osq=Restaurants
65,Westlight,83,"Tapas/Small Plates,Cocktail Bars",4.0,"111 N 12th St Brooklyn, NY 11249",3,https://www.yelp.com/biz/westlight-brooklyn?osq=Restaurants
66,The Eddy,290,"American (New),Cocktail Bars,Wine Bars",4.5,"342 E 6th St New York, NY 10003",3,https://www.yelp.com/biz/the-eddy-new-york?osq=Restaurants
67,Bin 5,157,"Italian,Cocktail Bars",4.5,"1233 Bay St Staten Island, NY 10305",3,https://www.yelp.com/biz/bin-5-staten-island?osq=Restaurants
68,Birds of a Feather,20,Szechuan,4.5,"191 Grand St Brooklyn, NY 11211",3,https://www.yelp.com/biz/birds-of-a-feather-brooklyn?osq=Restaurants
69,Momofuku Ssam Bar,2051,American (New),4.0,"207 2nd Ave New York, NY 10003",3,https://www.yelp.com/biz/momofuku-ssam-bar-new-york-5?osq=Restaurants
70,Karasu,29,Japanese,4.0,"166 Dekalb Ave Brooklyn, NY 11217",3,https://www.yelp.com/biz/karasu-brooklyn-2?osq=Restaurants
71,Convivium Osteria,384,"Spanish,Italian,Portuguese",4.0,"68 5th Ave Brooklyn, NY 11217",3,https://www.yelp.com/biz/convivium-osteria-brooklyn?osq=Restaurants
72,Sunken Hundred,43,"British,Seafood,Gastropubs",4.0,"276 Smith St Brooklyn, NY 11231",3,https://www.yelp.com/biz/sunken-hundred-brooklyn?osq=Restaurants
73,Antique Garage Tribeca,12,Mediterranean,4.5,"313 Church St New York, NY 10013",3,https://www.yelp.com/biz/antique-garage-tribeca-new-york?osq=Restaurants
74,Employees Only,1174,"American (New),Diners,Cocktail Bars",4.0,"510 Hudson St New York, NY 10014",3,https://www.yelp.com/biz/employees-only-new-york?osq=Restaurants
75,MISIRIZZI,34,Italian,5.0,"36 E 4th St New York, NY 10003",3,https://www.yelp.com/biz/misirizzi-new-york?osq=Restaurants
76,Gato,802,"Mediterranean,Spanish,Bars",4.0,"324 Lafayette St New York, NY 10012",3,https://www.yelp.com/biz/gato-new-york?osq=Restaurants
77,Minetta Tavern,1777,"French,American (New),Breakfast & Brunch",4.0,"113 Macdougal St New York, NY 10012",3,https://www.yelp.com/biz/minetta-tavern-new-york?osq=Restaurants
78,Empire Diner,5,Diners,3.0,"210 10th Ave New York, NY 10011",3,https://www.yelp.com/biz/empire-diner-new-york-3?osq=Restaurants
79,Llama Inn,206,"Peruvian,Bars",4.0,"50 Withers St Brooklyn, NY 11211",3,https://www.yelp.com/biz/llama-inn-brooklyn?osq=Restaurants
80,Talde,902,"Asian Fusion,Korean,American (Traditional)",3.5,"369 7th Ave Brooklyn, NY 11215",3,https://www.yelp.com/biz/talde-brooklyn?osq=Restaurants
81,Nerai,300,"Greek,Mediterranean",4.5,"55 E 54th St New York, NY 10022",3,https://www.yelp.com/biz/nerai-new-york?osq=Restaurants
82,Khe-Yo,465,"Thai,Laotian,Vietnamese",4.0,"157 Duane St New York, NY 10013",3,https://www.yelp.com/biz/khe-yo-new-york?osq=Restaurants
83,Sushi Katsuei,10,Sushi Bars,4.0,"357 6th Ave New York, NY 10014",3,https://www.yelp.com/biz/sushi-katsuei-new-york?osq=Restaurants
84,Porteno Restaurant,294,Argentine,4.5,"299 10th Ave New York, NY 10001",3,https://www.yelp.com/biz/porteno-restaurant-new-york?osq=Restaurants
85,Lure Fishbar,1310,Seafood,4.0,"142 Mercer St New York, NY 10012",3,https://www.yelp.com/biz/lure-fishbar-new-york?osq=Restaurants
86,The Red Cat,608,"American (New),Desserts,Breakfast & Brunch",4.0,"227 10th Ave New York, NY 10011",3,https://www.yelp.com/biz/the-red-cat-new-york?osq=Restaurants
87,The Stanton Social,2496,"Breakfast & Brunch,Tapas/Small Plates,Lounges",4.0,"99 Stanton St New York, NY 10002",3,https://www.yelp.com/biz/the-stanton-social-new-york?osq=Restaurants
88,Ichie,16,"Japanese,Sushi Bars",4.5,"1215 Lexington Ave New York, NY 10028",3,https://www.yelp.com/biz/ichie-new-york-5?osq=Restaurants
89,Faun,47,"Italian,Breakfast & Brunch,American (Traditional)",4.0,"606 Vanderbilt Ave Brooklyn, NY 11238",3,https://www.yelp.com/biz/faun-brooklyn?osq=Restaurants
90,Flatiron Room,547,"Lounges,Jazz & Blues,American (Traditional)",4.5,"37 W 26th St New York, NY 10010",3,https://www.yelp.com/biz/flatiron-room-new-york?osq=Restaurants
91,Marlow & Sons,459,American (New),4.0,"81 Broadway Brooklyn, NY 11249",3,https://www.yelp.com/biz/marlow-and-sons-brooklyn-2?osq=Restaurants
92,Salinas,745,Spanish,4.0,"136 9th Ave New York, NY 10011",3,https://www.yelp.com/biz/salinas-new-york?osq=Restaurants
93,Alta Calidad,11,Mexican,4.5,"552 Vanderbilt Ave Brooklyn, NY 11238",3,https://www.yelp.com/biz/alta-calidad-brooklyn?osq=Restaurants
94,Al Di La Trattoria,669,Italian,4.0,"248 5th Ave Brooklyn, NY 11215",3,https://www.yelp.com/biz/al-di-la-trattoria-brooklyn?osq=Restaurants
95,GunBae,105,"Korean,Karaoke",4.0,"67 Murray St New York, NY 10007",3,https://www.yelp.com/biz/gunbae-new-york?osq=Restaurants
96,All Hands,36,Seafood,4.0,"29 Dunham Pl Brooklyn, NY 11249",3,https://www.yelp.com/biz/all-hands-brooklyn?osq=Restaurants
97,Blue Ribbon Brasserie Brooklyn,472,American (New),4.0,"280 5th Ave Brooklyn, NY 11215",3,https://www.yelp.com/biz/blue-ribbon-brasserie-brooklyn-brooklyn?osq=Restaurants
98,Motel Morris,17,"Bars,American (Traditional),Comfort Food",4.0,"132 7th Ave New York, NY 10011",3,https://www.yelp.com/biz/motel-morris-new-york?osq=Restaurants
99,Antica Ristorante,309,Italian,4.5,"8 Stone St New York, NY 10004",3,https://www.yelp.com/biz/antica-ristorante-new-york?osq=Restaurants
100,Pepolino Restaurant,384,Italian,4.5,"281 W Broadway New York, NY 10013",3,https://www.yelp.com/biz/pepolino-restaurant-new-york?osq=Restaurants
1,Gramercy Tavern,2211,American (New),4.5,"42 E 20th St New York, NY 10003",4,https://www.yelp.com/biz/gramercy-tavern-new-york?osq=Restaurants
2,Babbo,2041,"Italian,Bars",4.0,"110 Waverly Pl New York, NY 10011",4,https://www.yelp.com/biz/babbo-new-york?osq=Restaurants
3,Suzuki,5,Japanese,4.5,"114 W 47th St New York, NY 10036",4,https://www.yelp.com/biz/suzuki-new-york?osq=Restaurants
4,Momofuku Ko,158,American (New),4.5,"8 Extra Pl New York, NY 10003",4,https://www.yelp.com/biz/momofuku-ko-new-york-3?osq=Restaurants
5,The River Café,776,"American (New),Wine Bars,Venues & Event Spaces",4.0,"1 Water St Brooklyn, NY 11201",4,https://www.yelp.com/biz/the-river-caf%C3%A9-brooklyn-3?osq=Restaurants
6,Boutros,28,"American (New),Middle Eastern",5.0,"185 Atlantic Ave Brooklyn, NY 11201",4,https://www.yelp.com/biz/boutros-brooklyn?osq=Restaurants
7,Chef’s Table at Brooklyn Fare,363,Japanese,4.5,"431 W 37th St New York, NY 10018",4,https://www.yelp.com/biz/chefs-table-at-brooklyn-fare-new-york?osq=Restaurants
8,Satsuki,5,"Japanese,Sushi Bars",5.0,"114 W 47th St New York, NY 10036",4,https://www.yelp.com/biz/satsuki-new-york?osq=Restaurants
9,Bouley,1084,French,4.5,"163 Duane St New York, NY 10013",4,https://www.yelp.com/biz/bouley-new-york-2?osq=Restaurants
10,Le Coucou,130,French,4.0,"138 Lafayette St New York, NY 10013",4,https://www.yelp.com/biz/le-coucou-new-york?osq=Restaurants
11,L’Appart,35,French,5.0,"225 Liberty St New York, NY 10281",4,https://www.yelp.com/biz/l-appart-new-york?osq=Restaurants
12,Daniel,1244,"French,American (Traditional),Cocktail Bars",4.5,"60 E 65th St. New York, NY 10065",4,https://www.yelp.com/biz/daniel-new-york-4?osq=Restaurants
13,La Cambio,2,Kosher,5.0,"1794 Coney Island Ave Brooklyn, NY 11230",4,https://www.yelp.com/biz/la-cambio-brooklyn?osq=Restaurants
14,Rao’s,113,Italian,4.5,"455 E 114th St New York, NY 10029",4,https://www.yelp.com/biz/raos-new-york?osq=Restaurants
15,Le Bernardin,1896,"French,Lounges",4.5,"155 W 51st St New York, NY 10019",4,https://www.yelp.com/biz/le-bernardin-new-york?osq=Restaurants
16,Blanca,127,American (New),4.0,"261 Moore St Brooklyn, NY 11206",4,https://www.yelp.com/biz/blanca-brooklyn?osq=Restaurants
17,Peter Luger,3915,"Steakhouses,Desserts,Seafood",4.0,"178 Broadway Brooklyn, NY 11211",4,https://www.yelp.com/biz/peter-luger-brooklyn-2?osq=Restaurants
18,Sugar East,7,"Speakeasies,Lounges,American (New)",4.5,"1125 1st Ave New York, NY 10065",4,https://www.yelp.com/biz/sugar-east-new-york?osq=Restaurants
19,Gotham Bar and Grill,1290,"American (New),Bars",4.5,"12 E 12th St New York, NY 10003",4,https://www.yelp.com/biz/gotham-bar-and-grill-new-york?osq=Restaurants
20,Sushi Daizen,57,Sushi Bars,4.5,"47-38 Vernon Blvd Long Island City, NY 11101",4,https://www.yelp.com/biz/sushi-daizen-long-island-city?osq=Restaurants
21,Blue Hill,796,American (New),4.5,"75 Washington Pl New York, NY 10011",4,https://www.yelp.com/biz/blue-hill-new-york?osq=Restaurants
22,Per Se,1241,French,4.5,"10 Columbus Cir New York, NY 10019",4,https://www.yelp.com/biz/per-se-new-york?osq=Restaurants
23,Greenwich Steakhouse,11,Steakhouses,5.0,"62 Greenwich Ave New York, NY 10011",4,https://www.yelp.com/biz/greenwich-steakhouse-new-york?osq=Restaurants
24,The Modern,701,American (New),4.0,"9 W 53rd St New York, NY 10019",4,https://www.yelp.com/biz/the-modern-new-york-3?osq=Restaurants
25,Eleven Madison Park,1623,"American (New),French,Cocktail Bars",4.5,"11 Madison Ave New York, NY 10010",4,https://www.yelp.com/biz/eleven-madison-park-new-york?osq=Restaurants
26,Morimoto,2536,"Japanese,Sushi Bars",4.0,"88 10th Ave New York, NY 10011",4,https://www.yelp.com/biz/morimoto-new-york?osq=Restaurants
27,Jungsik,355,Korean,4.5,"2 Harrison St New York, NY 10013",4,https://www.yelp.com/biz/jungsik-new-york?osq=Restaurants
28,Atera,179,American (Traditional),4.5,"77 Worth St New York, NY 10013",4,https://www.yelp.com/biz/atera-new-york?osq=Restaurants
29,Del Frisco’s Double Eagle Steak House,2012,"Steakhouses,American (New),Seafood",4.5,"1221 Avenue Of The Americas New York, NY 10020",4,https://www.yelp.com/biz/del-friscos-double-eagle-steak-house-new-york-2?osq=Restaurants
30,Scalini Fedeli,248,Italian,4.5,"165 Duane St New York, NY 10013",4,https://www.yelp.com/biz/scalini-fedeli-new-york?osq=Restaurants
31,Jean-Georges,1543,French,4.5,"1 Central Park W New York, NY 10023",4,https://www.yelp.com/biz/jean-georges-new-york?osq=Restaurants
32,Del Posto,1158,Italian,4.0,"85 10th Ave New York, NY 10011",4,https://www.yelp.com/biz/del-posto-new-york?osq=Restaurants
33,Nobu 57,873,"Sushi Bars,Japanese",4.0,"40 W 57th St New York, NY 10019",4,https://www.yelp.com/biz/nobu-57-new-york?osq=Restaurants
34,Marea,1481,"Italian,Seafood",4.0,"240 Central Park S New York, NY 10019",4,https://www.yelp.com/biz/marea-new-york?osq=Restaurants
35,Craft,837,American (New),4.0,"43 E 19th St New York, NY 10003",4,https://www.yelp.com/biz/craft-new-york?osq=Restaurants
36,Quality Meats,1464,"Seafood,Steakhouses",4.0,"57 W 58th St New York, NY 10019",4,https://www.yelp.com/biz/quality-meats-new-york?osq=Restaurants
37,Gabriel Kreuther,187,"Bars,French",4.5,"41 W 42nd St New York, NY 10036",4,https://www.yelp.com/biz/gabriel-kreuther-new-york?osq=Restaurants
38,Secchu Yokota,26,"Japanese,Desserts,Seafood",5.0,"199 E 3rd St New York, NY 10009",4,https://www.yelp.com/biz/secchu-yokota-new-york?osq=Restaurants
39,Sakanaya,36,"Sushi Bars,Japanese,Seafood",4.5,"304 E 49th St New York, NY 10017",4,https://www.yelp.com/biz/sakanaya-new-york?osq=Restaurants
40,Kura,306,"Japanese,Sushi Bars",4.5,"130 St Marks Pl New York, NY 10009",4,https://www.yelp.com/biz/kura-new-york?osq=Restaurants
41,Ai Fiori,890,"Italian,French,Seafood",4.0,"400 5th Ave New York, NY 10018",4,https://www.yelp.com/biz/ai-fiori-new-york?osq=Restaurants
42,Cafe Boulud,521,French,4.0,"20 E 76th St New York, NY 10021",4,https://www.yelp.com/biz/cafe-boulud-new-york-4?osq=Restaurants
43,Aureole,673,American (New),4.0,"135 W 42nd St New York, NY 10036",4,https://www.yelp.com/biz/aureole-new-york?osq=Restaurants
44,Keens Steakhouse,1757,Steakhouses,4.0,"72 W 36th St New York, NY 10018",4,https://www.yelp.com/biz/keens-steakhouse-new-york?osq=Restaurants
45,The Simone,61,French,4.5,"151 E 82nd St New York, NY 10028",4,https://www.yelp.com/biz/the-simone-new-york?osq=Restaurants
46,Upstairs at 21,7,American (New),4.5,"21 W 52nd St New York, NY 10019",4,https://www.yelp.com/biz/upstairs-at-21-new-york?osq=Restaurants
47,Carbone,497,Italian,4.0,"181 Thompson St New York, NY 10012",4,https://www.yelp.com/biz/carbone-new-york?osq=Restaurants
48,Indian Accent,194,Indian,4.5,"123 W 56th St New York, NY 10019",4,https://www.yelp.com/biz/indian-accent-new-york?osq=Restaurants
49,Aska,28,"Scandinavian,Bars",5.0,"47 S 5th St Brooklyn, NY 11249",4,https://www.yelp.com/biz/aska-brooklyn-3?osq=Restaurants
50,Annisa,514,American (New),4.5,"13 Barrow St New York, NY 10014",4,https://www.yelp.com/biz/annisa-new-york?osq=Restaurants
51,SubCulture Dining,28,American (New),4.5,"119 W 73rd St New York, NY 10023",4,https://www.yelp.com/biz/subculture-dining-new-york?osq=Restaurants
52,Bâtard,203,"Modern European,American (New),French",4.0,"239 West Broadway New York, NY 10013",4,https://www.yelp.com/biz/b%C3%A2tard-new-york?osq=Restaurants
53,Tatiana Restaurant,189,Russian,3.5,"3152 Brighton 6th St Brooklyn, NY 11235",4,https://www.yelp.com/biz/tatiana-restaurant-brooklyn?osq=Restaurants
54,One If By Land Two If By Sea,1187,American (New),4.0,"17 Barrow St New York, NY 10014",4,https://www.yelp.com/biz/one-if-by-land-two-if-by-sea-new-york?osq=Restaurants
55,Lincoln Ristorante,427,Italian,4.0,"142 W 65th St New York, NY 10023",4,https://www.yelp.com/biz/lincoln-ristorante-new-york?osq=Restaurants
56,Piora,235,American (New),4.0,"430 Hudson St New York, NY 10014",4,https://www.yelp.com/biz/piora-new-york?osq=Restaurants
57,Il Tinello Ristorante Italiano,168,Italian,4.5,"16 W 56th St New York, NY 10019",4,https://www.yelp.com/biz/il-tinello-ristorante-italiano-new-york?osq=Restaurants
58,La Grenouille,320,"French,Venues & Event Spaces",4.0,"3 E 52nd St New York, NY 10022",4,https://www.yelp.com/biz/la-grenouille-new-york?osq=Restaurants
59,Russo’s On The Bay,94,"Caterers,Seafood",4.0,"162-45 Crossbay Blvd Howard Beach, NY 11414",4,https://www.yelp.com/biz/russos-on-the-bay-howard-beach?osq=Restaurants
60,Dovetail,643,"American (New),French",4.0,"103 W 77th St New York, NY 10024",4,https://www.yelp.com/biz/dovetail-new-york?osq=Restaurants
61,Sushi Yasuda,1807,Japanese,4.0,"204 E 43rd St New York, NY 10017",4,https://www.yelp.com/biz/sushi-yasuda-new-york?osq=Restaurants
62,Fowler & Wells,58,"American (New),Bars,Breakfast & Brunch",3.0,"5 Beekman St New York, NY 10038",4,https://www.yelp.com/biz/fowler-and-wells-new-york?osq=Restaurants
63,Hirohisa,90,Japanese,4.5,"73 Thompson St New York, NY 10012",4,https://www.yelp.com/biz/hirohisa-new-york?osq=Restaurants
64,Luksus,76,Scandinavian,4.0,"615 Manhattan Ave Brooklyn, NY 11222",4,https://www.yelp.com/biz/luksus-brooklyn?osq=Restaurants
65,Agern,92,"Scandinavian,Bars",4.0,"89 E 42nd St New York, NY 10017",4,https://www.yelp.com/biz/agern-new-york?osq=Restaurants
66,Bison & Bourbon,38,"Kosher,Burgers,American (Traditional)",3.0,"191 7th St Brooklyn, NY 11215",4,https://www.yelp.com/biz/bison-and-bourbon-brooklyn?osq=Restaurants
67,TEISUI,34,Japanese,4.5,"246 5th Ave New York, NY 10001",4,https://www.yelp.com/biz/teisui-new-york?osq=Restaurants
68,Ichimura,17,Sushi Bars,4.5,"69 Leonard St New York, NY 10013",4,https://www.yelp.com/biz/ichimura-new-york?osq=Restaurants
69,Benjamin Prime,65,Steakhouses,4.5,"23 E 40th St New York, NY 10016",4,https://www.yelp.com/biz/benjamin-prime-new-york-2?osq=Restaurants
70,Günter Seeger NY,40,"American (New),Modern European",4.5,"641 Hudson New York, NY 10014",4,https://www.yelp.com/biz/g%C3%BCnter-seeger-ny-new-york?osq=Restaurants
71,Bateaux New York,172,"Boat Charters,Restaurants,Venues & Event Spaces",4.0,"62 Chelsea Piers New York, NY 10011",4,https://www.yelp.com/biz/bateaux-new-york-new-york?osq=Restaurants
72,Delmonico’s,736,"Steakhouses,American (Traditional)",3.5,"56 Beaver St New York, NY 10004",4,https://www.yelp.com/biz/delmonicos-new-york?osq=Restaurants
73,Scalinatella Restaurant,167,Italian,4.0,"201 E 61st St New York, NY 10065",4,https://www.yelp.com/biz/scalinatella-restaurant-new-york?osq=Restaurants
74,Sushi Nakazawa,870,"Japanese,Sushi Bars,Seafood",4.5,"23 Commerce St New York, NY 10014",4,https://www.yelp.com/biz/sushi-nakazawa-new-york?osq=Restaurants
75,The Water Table,60,"American (New),Boat Charters",4.0,"10 India St Brooklyn, NY 11222",4,https://www.yelp.com/biz/the-water-table-brooklyn-2?osq=Restaurants
76,Rouge Tomate Chelsea,53,"American (New),Bars",4.5,"126 W 18th St New York, NY 10011",4,https://www.yelp.com/biz/rouge-tomate-chelsea-new-york?osq=Restaurants
77,Valbella,171,"Italian,Venues & Event Spaces,Steakhouses",4.0,"421 W 13th St New York, NY 10014",4,https://www.yelp.com/biz/valbella-new-york-3?osq=Restaurants
78,The Madison Room,5,"Bars,American (Traditional)",5.0,"455 Madison Ave New York, NY 10022",4,https://www.yelp.com/biz/the-madison-room-new-york?osq=Restaurants
79,Reserve Cut,153,"Steakhouses,Kosher,Asian Fusion",4.0,"40 Broad St New York, NY 10004",4,https://www.yelp.com/biz/reserve-cut-new-york?osq=Restaurants
80,Traditional Chinese Food,5,"Food Trucks,Chinese",5.0,"116th St & Broadway New York, NY 10027",4,https://www.yelp.com/biz/traditional-chinese-food-new-york-2?osq=Restaurants
81,Felidia,411,Italian,4.0,"243 E 58th St New York, NY 10022",4,https://www.yelp.com/biz/felidia-new-york?osq=Restaurants
82,Kyo Ya,393,Japanese,4.5,"94 E 7th St New York, NY 10009",4,https://www.yelp.com/biz/kyo-ya-new-york?osq=Restaurants
83,Slim To Go,16,"American (New),Spanish,Breakfast & Brunch",5.0,"1556 White Plains Rd East Bronx, NY 10462",4,https://www.yelp.com/biz/slim-to-go-east-bronx?osq=Restaurants
84,Asiate,442,American (New),4.0,"80 Columbus Cir New York, NY 10023",4,https://www.yelp.com/biz/asiate-new-york?osq=Restaurants
85,Vaucluse,112,"French,Breakfast & Brunch",4.0,"100 E 63rd St New York, NY 10065",4,https://www.yelp.com/biz/vaucluse-new-york?osq=Restaurants
86,ZZ’s Clam Bar,76,Seafood,4.5,"169 Thompson St New York, NY 10012",4,https://www.yelp.com/biz/zzs-clam-bar-new-york?osq=Restaurants
87,Wolfgang’s Steakhouse,732,Steakhouses,4.0,"4 Park Ave New York, NY 10016",4,https://www.yelp.com/biz/wolfgangs-steakhouse-new-york-4?osq=Restaurants
88,Campagnola Restaurant,150,Italian,4.0,"1382 1st Ave New York, NY 10021",4,https://www.yelp.com/biz/campagnola-restaurant-new-york?osq=Restaurants
89,O Ya,129,"Japanese,Sushi Bars",4.5,"120 E 28th St New York, NY 10016",4,https://www.yelp.com/biz/o-ya-new-york?osq=Restaurants
90,Il Postino,75,Italian,4.0,"337 East 49th St New York, NY 10017",4,https://www.yelp.com/biz/il-postino-new-york-2?osq=Restaurants
91,Ocean Grill,3,"Russian,Seafood,Steakhouses",5.0,"1160 McDonald Ave Brooklyn, NY 11230",4,https://www.yelp.com/biz/ocean-grill-brooklyn?osq=Restaurants
92,Encore Restaurant,16,"American (New),Salad,Venues & Event Spaces",4.5,"10007 4th Ave Brooklyn, NY 11209",4,https://www.yelp.com/biz/encore-restaurant-brooklyn?osq=Restaurants
93,MarkJoseph Steakhouse,283,Steakhouses,4.0,"261 Water St New York, NY 10038",4,https://www.yelp.com/biz/markjoseph-steakhouse-new-york-2?osq=Restaurants
94,Ushiwakamaru,100,"Japanese,Sushi Bars,Salad",4.0,"362 W 23rd St New York, NY 10011",4,https://www.yelp.com/biz/ushiwakamaru-new-york-4?osq=Restaurants
95,Estiatorio Milos,640,"Seafood,Greek,Mediterranean",4.0,"125 W 55th St New York, NY 10019",4,https://www.yelp.com/biz/estiatorio-milos-new-york?osq=Restaurants
96,Brushstroke,309,"Japanese,Live/Raw Food,Sushi Bars",4.0,"30 Hudson St New York, NY 10013",4,https://www.yelp.com/biz/brushstroke-new-york?osq=Restaurants
97,CUT by Wolfgang Puck,30,"Steakhouses,American (New),Breakfast & Brunch",3.5,"27 Barclay St New York, NY 10007",4,https://www.yelp.com/biz/cut-by-wolfgang-puck-new-york-5?osq=Restaurants
98,Aces,5,Sushi Bars,4.0,"Usta Billie Jean King National Tennis Ctr Queens, NY 11368",4,https://www.yelp.com/biz/aces-queens-2?osq=Restaurants
99,American Cut,367,"Steakhouses,American (New)",4.0,"363 Greenwich St New York, NY 10013",4,https://www.yelp.com/biz/american-cut-new-york?osq=Restaurants
100,Hakkasan,642,Chinese,3.5,"311 W 43rd St New York, NY 10036",4,https://www.yelp.com/biz/hakkasan-new-york?osq=Restaurants
